India/State/ UT,Enrolment of Age Group - All Ages - Pre-Primary to Higher Secondary - Boys,Enrolment of Age Group - All Ages - Pre-Primary to Higher Secondary - Girls,Enrolment of Age Group - All Ages - Pre-Primary - Boys,Enrolment of Age Group - All Ages - Pre-Primary - Girls,Enrolment of Age Group - All Ages - Primary (1 to 5) - Boys,Enrolment of Age Group - All Ages - Primary (1 to 5) - Girls,Enrolment of Age Group - All Ages - Upper Primary (1 to 8) - Boys,Enrolment of Age Group - All Ages - Upper Primary (1 to 8) - Girls,Enrolment of Age Group - All Ages - Secondary (9-10) - Boys,Enrolment of Age Group - All Ages - Secondary (9-10) - Girls,Enrolment of Age Group - All Ages - Higher Secondary (11-12) - Boys,Enrolment of Age Group - All Ages - Higher Secondary (11-12) - Girls,Enrolment of Age Group < 6 years - All - Boys,Enrolment of Age Group < 6 years - All - Girls,Enrolment of Age Group < 6 years - Pre-Primary - Boys,Enrolment of Age Group < 6 years - Pre-Primary - Girls,Enrolment of Age Group < 6 years - Primary (1 to 5) - Boys,Enrolment of Age Group < 6 years - Primary (1 to 5) - Girls,Enrolment of Age Group 6-10 years - All - Boys,Enrolment of Age Group 6-10 years - All - Girls,Enrolment of Age Group 6-10 years - Pre-Primary - Boys,Enrolment of Age Group 6-10 years - Pre-Primary - Girls,Enrolment of Age Group 6-10 years - Primary (1 to 5) - Boys,Enrolment of Age Group 6-10 years - Primary (1 to 5) - Girls,Enrolment of Age Group 6-10 years - Upper Primary (1 to 8) - Boys,Enrolment of Age Group 6-10 years - Upper Primary (1 to 8) - Girls,Enrolment of Age Group 11-13 Years - All - Boys,Enrolment of Age Group 11-13 Years - All - Girls,Enrolment of Age Group 11-13 Years - Primary (1 to 5) - Boys,Enrolment of Age Group 11-13 Years - Primary (1 to 5) - Girls,Enrolment of Age Group 11-13 Years - Upper Primary (1 to 8) - Boys,Enrolment of Age Group 11-13 Years - Upper Primary (1 to 8) - Girls,Enrolment of Age Group 11-13 Years - Secondary (9-10) - Boys,Enrolment of Age Group 11-13 Years - Secondary (9-10) - Girls,Enrolment of Age Group 14-15 Years - All - Boys,Enrolment of Age Group 14-15 Years - All - Girls,Enrolment of Age Group 14-15 Years - Primary (1 to 5) - Boys,Enrolment of Age Group 14-15 Years - Primary (1 to 5) - Girls,Enrolment of Age Group 14-15 Years - Upper Primary (1 to 8) - Boys,Enrolment of Age Group 14-15 Years - Upper Primary (1 to 8) - Girls,Enrolment of Age Group 14-15 Years - Secondary (9-10) - Boys,Enrolment of Age Group 14-15 Years - Secondary (9-10) - Girls,Enrolment of Age Group 14-15 Years - Higher Secondary (11-12) - Boys,Enrolment of Age Group 14-15 Years - Higher Secondary (11-12) - Girls,Enrolment of Age Group 16-17 years - All - Boys,Enrolment of Age Group 16-17 years - All - Girls,Enrolment of Age Group 16-17 years - Primary (1 to 5) - Boys,Enrolment of Age Group 16-17 years - Primary (1 to 5) - Girls,Enrolment of Age Group 16-17 years - Upper Primary (1to 8) - Boys,Enrolment of Age Group 16-17 years - Upper Primary (1to 8) - Girls,Enrolment of Age Group 16-17 years - Secondary (9-10) - Boys,Enrolment of Age Group 16-17 years - Secondary (9-10) - Girls,Enrolment of Age Group 16-17 years - Higher Secondary (11-12) - Boys,Enrolment of Age Group 16-17 years - Higher Secondary (11-12) - Girls,Enrolment of Age Group >17 years - All - Boys,Enrolment of Age Group >17 years - All - Girls,Enrolment of Age Group >17 years - Upper Primary (1to 8) - Boys,Enrolment of Age Group >17 years - Upper Primary (1to 8) - Girls,Enrolment of Age Group >17 years - Secondary (9 to 10) - Boys,Enrolment of Age Group >17 years - Secondary (9 to 10) - Girls,Enrolment of Age Group >17 years - Higher Secondary (11 to 12) - Boys,Enrolment of Age Group >17 years - Higher Secondary (11 to 12) - Girls
India,137900578,127335252,5051523,4443684,63517655,58324595,34511750,32278942,20071918,18456713,14747732,13831318,12055399,10856325,4811883,4253596,7243516,6602729,60940660,56238788,239640,190088,54331742,50075648,6369278,5973052,33676967,31381268,1891861,1608132,25942956,24371948,5842150,5401188,18371294,16880598,46280,35138,2039110,1797833,12057135,11158039,4228769,3889588,10840074,10185144,4256,2948,142978,121524,2006100,1759476,8686740,8301196,2016184,1793129,17428,14585,166533,138010,1832223,1640534
Andaman and Nicobar Islands,37536,36325,3449,3436,13293,12671,9088,8631,5976,5834,5730,5753,3907,3925,3172,3220,735,705,13559,13024,277,216,11992,11511,1290,1297,8833,8460,560,448,7038,6729,1235,1283,5879,5797,4,5,705,567,4000,3960,1170,1265,4198,4215,2,2,46,33,680,537,3470,3643,1160,904,9,5,61,54,1090,845
Andhra Pradesh,4278015,3966632,41948,35443,1942766,1782027,1132406,1036628,694292,646958,466603,465576,321631,307968,40794,34539,280837,273429,1847195,1723850,1154,904,1598921,1471237,247120,251709,1109852,1026512,60542,35659,821435,747489,227875,243364,621387,554352,2204,1520,58561,33991,416895,375202,143727,143639,343851,326734,262,182,4691,2948,46006,26261,292892,297343,34099,27216,599,491,3516,2131,29984,24594
Arunachal Pradesh,177336,177046,13517,12559,83662,80399,41309,43621,22471,22984,16377,17483,27123,25847,12628,11866,14495,13981,74268,72411,889,693,64261,61869,9118,9849,40169,41459,4609,4336,27929,29430,7631,7693,21064,21919,275,203,3483,3623,12524,12984,4782,5109,12219,12860,22,10,621,592,2084,2087,9492,10171,2493,2550,158,127,232,220,2103,2203
Assam,3720048,3824912,228797,214591,1844170,1801193,917373,988402,465492,539190,264216,281536,406919,384303,223899,210225,183020,174078,1799081,1771768,4898,4366,1631762,1598916,162421,168486,866406,938931,28815,27747,711180,771769,126411,139415,402636,464074,528,433,41453,45833,301297,354504,59358,63304,212802,233059,45,19,2151,2123,35010,42196,175596,188721,32204,32777,168,191,2774,3075,29262,29511
Bihar,14054053,13418639,251500,174754,7339469,6840063,3635833,3617710,1804240,1814058,1023011,972054,863747,730769,236051,164875,627696,565894,7227619,6766551,15449,9879,6649139,6217215,563031,539457,3817518,3808948,61976,56409,3021280,3026052,734262,726487,1465063,1455781,579,492,49094,49309,958472,970494,456918,435486,583220,562544,79,53,1958,2342,102996,106996,478187,453153,96886,94046,470,550,8510,10081,87906,83415
Chandigarh,143711,124916,11507,10552,50841,45107,34343,29759,23967,19828,23053,19670,14262,13123,10613,9782,3649,3341,48645,43533,894,770,44011,39327,3740,3436,33421,29094,3138,2414,26586,23238,3697,3442,23609,20411,40,25,3827,2969,16175,13665,3567,3752,20061,16439,3,0,182,112,3890,2575,15986,13752,3713,2316,8,4,205,146,3500,2166
Chhattisgarh,3013246,2978951,120536,107431,1379792,1312721,753340,733078,410149,430023,349429,395698,238786,218783,115102,102673,123684,116110,1317875,1257762,5434,4758,1224852,1169762,87589,83242,702239,688953,30753,26511,606869,595687,64617,66755,404140,422775,443,302,56694,52777,287474,304042,59529,65654,296384,332753,60,36,1909,1262,56208,57652,238207,273803,53822,57925,279,110,1850,1574,51693,56241
Dadra and Nagar Haveli and Daman and Diu,70068,63290,2738,2373,31296,28290,18697,16653,10087,8584,7250,7390,3373,2991,2530,2218,843,773,29360,26867,208,155,27857,25501,1295,1211,19225,17203,2538,1973,15181,13743,1506,1487,10083,9097,55,41,2055,1554,6458,5586,1515,1916,6587,6041,3,2,157,134,1897,1388,4530,4517,1440,1091,9,11,226,123,1205,957
Delhi,2411323,2160784,128967,124658,928498,825932,633559,557216,386581,338694,333718,314284,217642,202787,125348,121646,92294,81141,899520,776837,3619,3012,805067,715606,90834,58219,593434,506578,30783,28848,480351,425977,82300,51753,383032,337809,325,299,58725,68975,246413,220222,77569,48313,265569,263651,29,38,3649,4045,54311,62498,207580,197070,52126,73122,0,0,3557,4221,48569,68901
Goa,157027,147955,11457,11099,62585,58771,37525,34785,24279,22587,21181,20713,17938,16860,11215,10910,6723,5950,59394,55412,242,189,53531,50659,5621,4564,36415,33889,2248,2118,28932,27511,5235,4260,21750,21411,76,37,2710,2564,16302,15800,2662,3010,17359,17011,7,7,143,80,2604,2458,14605,14466,4171,3372,119,66,138,69,3914,3237
Gujarat,6158736,5383540,90861,73830,2848644,2538546,1638632,1452353,959454,791062,621145,527749,518050,461861,87393,71407,430657,390454,2767050,2464950,3468,2423,2359589,2099388,403993,363139,1570270,1372756,57311,47938,1185180,1049777,327779,275041,850507,703142,1002,721,46356,37181,580216,477707,222933,187533,418946,354407,85,45,2628,1874,49373,36880,366860,315608,33913,26424,475,382,2086,1434,31352,24608
Haryana,3306187,2729492,135943,107702,1406310,1172952,813172,667167,526975,425168,423787,356503,348724,300040,129112,103090,219612,196950,1297599,1087270,6831,4612,1113118,920767,177650,161891,805528,664482,70651,53190,569864,459657,165013,151635,492933,399890,2753,1939,60062,41741,296590,230276,133528,125934,299073,234547,176,106,5220,3609,59208,39063,234469,191769,62330,43263,376,269,6164,4194,55790,38800
Himachal Pradesh,752697,684325,55078,49796,288640,262353,178750,163945,114016,102413,116213,105818,106364,97139,54096,49028,52268,48111,280700,255719,982,768,232001,210754,47717,44197,171843,157851,4213,3374,124758,114849,42872,39628,112957,100791,144,100,5729,4504,65185,57989,41899,38198,72835,66642,14,14,428,301,5607,4496,66786,61831,7998,6183,118,94,352,300,7528,5789
Jammu and Kashmir,1423914,1294730,205990,189259,576318,530614,301526,275979,182592,161893,157488,136985,319410,294195,200515,184098,118895,110097,537960,495638,5475,5161,443095,408083,89390,82394,289453,262992,13883,12060,199516,182712,76054,68220,150002,133656,401,338,11584,10046,93420,82997,44597,40275,102580,88638,44,36,936,761,12280,10000,89320,77841,24509,19611,100,66,838,676,23571,18869
Jharkhand,4060838,3909912,157652,124891,1938656,1802253,1060618,1053691,536799,552270,367113,376807,334142,281474,147541,116986,186601,164488,1878251,1755454,10111,7905,1702500,1592819,165640,154730,1046125,1036857,48236,43983,840793,841071,157096,151803,472738,483948,1224,899,49168,52563,322501,334316,99845,96170,265146,286245,95,64,4418,4729,51811,60074,208822,221378,64436,65934,599,598,5391,6077,58446,59259
Karnataka,6234114,5858267,141477,123551,2837353,2618873,1645934,1551012,1010732,959584,598618,605247,419768,389270,139245,121632,280523,267638,2788219,2596935,2232,1919,2517755,2324843,268232,270173,1628601,1535295,38966,26302,1336090,1252625,253545,256368,846390,798914,90,81,41381,27995,713814,675691,91105,95147,485761,478372,19,9,111,134,43171,27248,442460,450981,65375,59481,120,85,202,277,65053,59119
Kerala,3272192,3150928,289712,278460,1274839,1211401,767896,733107,511005,485085,428740,442875,454512,435007,285009,274161,169503,160846,1254581,1195090,4703,4299,1081269,1029844,168609,160947,793110,755722,23248,20129,581628,557148,188234,178445,461723,451594,706,482,15626,13720,309648,295927,135743,141465,289109,297537,113,100,1018,642,12777,10511,275201,286284,19157,15978,1015,650,346,202,17796,15126
Ladakh,29663,30125,5533,5185,11609,11283,5907,6259,3639,3943,2975,3455,7427,6968,5177,4821,2250,2147,10569,10402,356,364,8700,8506,1513,1532,5672,6057,630,616,3748,4128,1294,1313,3041,3686,28,11,557,553,1822,2037,634,1085,2562,2510,1,3,78,40,461,546,2022,1921,392,502,11,6,62,47,319,449
Lakshadweep,6997,6589,814,768,2759,2636,1473,1340,986,887,965,958,881,849,799,761,82,88,2701,2548,15,7,2602,2465,84,76,1441,1307,75,83,1321,1167,45,57,957,979,0,0,68,97,793,735,96,147,879,840,0,0,0,0,147,94,732,746,138,66,0,0,1,1,137,65
Madhya Pradesh,8458385,7710880,403029,338950,3833282,3524107,2195869,2028350,1159009,1037499,867196,781974,960041,851462,377570,318777,582471,532685,3572913,3301316,25459,20173,3094206,2858166,453248,422977,1990085,1832319,152395,130064,1558103,1452390,279587,249865,1066509,959270,3920,2990,168108,140804,685157,626308,209324,189168,707249,631347,290,202,14964,11247,181375,152204,510620,467694,161588,135166,1446,932,12890,9122,147252,125112
Maharashtra,11954636,10632059,276372,249489,5015735,4549586,3115548,2740049,1996741,1738906,1550240,1354029,509621,466994,263143,238588,246478,228406,4866744,4436941,13229,10901,4525511,4124859,328004,301181,3047772,2695915,238580,193583,2481069,2191772,328123,310560,1866759,1629889,4501,2397,294739,238875,1341499,1174245,226020,214372,1347077,1171430,665,341,9320,6520,305668,242412,1031424,922157,316663,230890,2416,1701,21451,11689,292796,217500
Manipur,352199,340995,31759,29964,158618,151405,75988,74875,45649,45356,40185,39395,54316,51127,30396,28877,23920,22250,139367,134103,1363,1087,127854,122822,10150,10194,76527,75136,6575,6077,62396,61351,7556,7708,44617,44075,240,226,3104,3028,36110,35745,5163,5076,34378,34175,29,30,274,264,1809,1734,32266,32147,2994,2379,64,38,174,169,2756,2172
Meghalaya,572522,597198,109509,105273,267341,263049,115006,129002,53164,64332,27502,35542,124744,121297,97743,94690,27001,26607,235684,233170,11766,10583,209859,207281,14059,15306,112063,123979,29087,28004,75882,86927,7094,9048,54505,63793,1349,1111,20819,22617,29372,35755,2965,4310,32566,38955,45,46,3868,3850,13561,16166,15092,18893,12960,16004,378,302,3137,3363,9445,12339
Mizoram,156216,153688,16402,16165,70199,66450,36464,35485,19791,20814,13360,14774,24024,23267,15788,15597,8236,7670,61150,58590,614,568,55962,53348,4574,4674,34062,33497,5688,5186,25394,25011,2980,3300,19391,19711,302,238,5670,5113,10774,11699,2645,2661,13614,14773,11,8,740,601,5379,5296,7484,8868,3975,3850,86,86,658,519,3231,3245
Nagaland,222509,221287,39322,37299,90734,87221,47945,48494,28441,30280,16067,17993,45833,44049,36110,34429,9723,9620,83836,80423,3212,2870,73319,69980,7305,7573,46717,47382,6956,6875,33845,34045,5916,6462,25190,26771,673,683,5681,5651,16595,17750,2241,2687,15179,17170,63,63,993,1062,5069,5165,9054,10880,5754,5492,121,163,861,903,4772,4426
Odisha,3880763,3696130,27123,22253,1815168,1703985,1064056,1007699,636275,610106,338141,352087,303057,278013,26439,21683,276618,256330,1806548,1698592,684,570,1526557,1437046,279307,260976,1000897,950589,11497,10260,766376,729218,223024,211111,524210,513131,366,273,17308,16546,389894,376669,116642,119643,218911,228852,130,76,835,718,22477,21559,195469,206499,27140,26953,230,241,880,767,26030,25945
Puducherry,130772,124774,11595,10923,49290,45798,31290,29477,20928,20074,17669,18502,20748,19235,11530,10847,9218,8388,49599,45703,65,76,39812,37237,9722,8390,30829,29548,260,173,21214,20760,9355,8615,18132,18439,0,0,351,316,11030,10978,6751,7145,10779,11327,0,0,3,9,539,475,10237,10843,685,522,0,2,4,6,681,514
Punjab,3319404,2828096,424765,370689,1252540,1071757,741390,633572,473876,394014,426833,358064,457048,403749,359646,317229,97402,86520,1145182,995152,65119,53460,1002117,870143,77946,71549,710947,615620,146565,110768,497158,441662,67224,63190,462260,392242,5930,4014,146721,108150,253845,225520,55764,54558,376554,310584,526,312,17631,10916,133597,94667,224800,204689,167413,110749,1934,1295,19210,10637,146269,98817
Rajasthan,9451991,8215519,275725,216782,4360498,3896222,2294584,2013665,1315438,1105136,1205746,983714,910105,784571,248364,196330,661741,588241,3977066,3548193,27361,20452,3486115,3123415,463590,404326,2188202,1899278,206788,179992,1601019,1407482,380395,311804,1326651,1106285,5407,4286,210993,185157,731588,618410,378663,298432,862255,714824,447,288,17567,15448,187101,160245,657140,538843,187712,162368,1415,1252,16354,14677,169943,146439
Sikkim,68708,67255,10213,9421,24237,21653,14970,14499,11331,11820,7957,9862,12151,11373,9536,8925,2615,2448,21834,20332,677,496,19031,17595,2126,2241,14234,13877,2189,1534,10056,9978,1989,2365,9673,9980,316,70,2348,1942,5515,6030,1494,1938,7647,8024,86,6,375,313,3154,2812,4032,4893,3169,3669,65,25,673,613,2431,3031
Tamil Nadu,6578995,6251956,344384,319267,2674754,2484126,1605701,1509597,1070118,1010024,884038,928942,708355,667060,344384,319267,363971,347793,2686862,2512377,0,0,2299715,2128953,387147,383424,1612085,1525034,11068,7380,1206571,1118918,394446,398736,1004591,981106,0,0,11983,7255,661805,603457,330803,370394,553557,557236,0,0,0,0,13867,7831,539690,549405,13545,9143,0,0,0,0,13545,9143
Telangana,3585691,3329550,81382,70210,1594470,1446848,934269,866949,572937,545440,402633,400103,261871,250589,75270,66156,186601,184433,1462038,1371116,6112,4054,1314964,1203612,140962,163450,922428,861151,91629,57935,703395,648519,127404,154697,543674,508796,1231,841,81836,50096,368024,343270,92583,114589,334001,301567,45,27,7546,4521,71952,43992,254458,253027,61679,36331,530,363,5557,3481,55592,32487
Tripura,359315,354547,15708,13975,158968,153430,90154,89405,54715,55821,39770,41916,20891,18737,15545,13810,5346,4927,156610,151519,163,165,151187,146313,5260,5041,88215,87670,2361,2126,81250,80816,4604,4728,52105,53273,72,59,3542,3470,45838,46849,2653,2895,37438,39339,2,5,91,70,4175,4141,33170,35123,4056,4009,11,8,98,103,3947,3898
Uttar Pradesh,24875681,22305757,228022,179012,12645781,11536854,5986744,5603350,3395055,2828266,2620079,2158275,2033557,1773111,213894,168599,1819663,1604512,12091122,11084852,14128,10413,10514385,9641086,1562609,1433353,5829622,5322353,302032,282284,4117133,3869780,1410457,1170289,3048812,2542989,9002,8291,275453,266899,1657822,1374691,1106535,893108,1593087,1339360,699,681,28331,29687,288623,249367,1275434,1059625,279481,243092,3218,3631,38153,33919,238110,205542
Uttarakhand,1296206,1153720,51984,42174,564938,496956,314114,281668,192364,173332,172806,159590,137496,118464,49533,40354,87963,78110,530754,466794,2451,1820,455079,400150,73224,64824,305798,273639,21146,18106,218727,196668,65925,58865,186663,169824,701,549,20396,18503,105104,95265,60462,55507,114952,106088,49,41,1658,1534,19787,17615,93458,86898,20543,18911,109,139,1548,1587,18886,17185
West Bengal,9328884,9404483,806753,761500,4079602,3887063,2220277,2201470,1332354,1434448,889898,1120002,846935,799068,806753,761500,40182,37568,3919205,3727594,0,0,3864047,3674570,55158,53024,2126929,2100935,173870,173647,1893689,1865892,59370,61396,1367661,1450998,1393,1182,262220,272849,1057164,1121264,46884,55703,881689,1075048,110,96,8438,9003,207446,240235,665695,825714,186465,250840,772,702,8374,11553,177319,238585
