Region,Age_Group,Enrollment
East,11-13,15888798
East,14-15,7733530
East,16-17,4101655
East,6-10,28779814
East,>17,812700
North,11-13,20597620
North,14-15,11346796
North,16-17,6811239
North,6-10,39470358
North,>17,1479411
Northeast,11-13,2640324
Northeast,14-15,1332777
Northeast,16-17,764198
Northeast,6-10,5094146
Northeast,>17,138335
Other,11-13,5287840
Other,14-15,2903441
Other,16-17,2009305
Other,6-10,9563015
Other,>17,415424
South,11-13,11832915
South,14-15,6811034
South,16-17,3991550
South,6-10,19538814
South,>17,343415
West,11-13,8810738
West,14-15,5124314
West,16-17,3347271
West,6-10,14733301
West,>17,620028
